ACCX,ACCY,ACCZ,GYRX,GYRY,GYRZ,MAGX,MAGY,MAGZ,UID
[0.17321999999999999, -0.06439999999999999, 0.9954599999999999, -0.92335, 4.128921428571429, 2.791821428571429, -47.5625, -97.1875, -17.0, 0.008078489957906733, 0.005908891605030508, 0.004773677827419887, 0.7017140023926031, 1.1378502018337855, 0.39019843507664626, nan, nan, nan, 0.168, -0.0703, 0.9883, -2.0122, 2.561, 1.8293, -47.5625, -97.1875, -17.0, 0.1685, -0.0642, 0.9961, -0.7622, 3.811, 2.7744, -47.5625, -97.1875, -17.0, 0.1868, -0.0562, 1.0017, 0.0, 5.7927, 3.4146, -47.5625, -97.1875, -17.0]
